时间,品种,方向,入场,止损,目标,风险元,链均,时段
2026-09-22 21:55:54,螺纹,多,3119,3109.785714285714,3132.8214285714284,92,0.02933782456542855,night
2026-09-22 21:55:54,热卷,多,3311,3301.285714285714,3325.5714285714284,97,0.02933782456542855,night
2026-09-22 22:15:54,豆粕,多,3424,3406.9285714285716,3449.6071428571427,171,0.011071979372470064,night
2026-09-23 09:45:54,螺纹,空,3117,3126.714285714286,3102.4285714285716,97,-0.0489625813875183,day
2026-09-23 09:45:54,热卷,空,3307,3316.3571428571427,3292.964285714286,94,-0.0489625813875183,day
2026-09-23 10:50:54,螺纹,空,3117,3126.6428571428573,3102.535714285714,96,-0.125460862053417,day
2026-09-23 10:55:54,螺纹,空,3115,3124.6428571428573,3100.535714285714,96,-0.1717202555103603,day
2026-09-23 11:01:00,螺纹,空,3114,3123.714285714286,3099.4285714285716,97,-0.18683969911483245,day
2026-09-23 14:10:54,豆粕,空,3414,3430.0714285714284,3389.8928571428573,161,-0.3305469412044715,day
2026-09-23 14:15:54,豆粕,空,3413,3429.0714285714284,3388.8928571428573,161,-0.39800080784104797,day
2026-09-23 22:05:54,豆粕,空,3388,3404.5,3363.25,165,-0.2621533122784925,night
2026-09-23 22:10:54,豆粕,空,3387,3403.5714285714284,3362.1428571428573,166,-0.277343881077321,night
2026-09-24 09:40:54,豆粕,多,3406,3389.714285714286,3430.4285714285716,163,0.06321022227136597,day
2026-09-24 09:45:54,豆粕,多,3406,3389.714285714286,3430.4285714285716,163,0.07690151668108935,day
2026-09-24 14:35:54,淀粉,空,2422,2429.4285714285716,2410.8571428571427,74,-0.5340472360767567,day
2026-09-24 14:40:54,淀粉,空,2421,2428.5714285714284,2409.6428571428573,76,-0.5521538731870834,day
2026-09-24 14:45:54,淀粉,空,2420,2427.5714285714284,2408.6428571428573,76,-0.33518398370797065,day
2026-09-28 10:36:04,豆粕,空,3383,3401.214285714286,3355.6785714285716,182,-1.0305502894381002,day
2026-09-28 10:36:04,热卷,空,3276,3286.0714285714284,3260.8928571428573,101,-0.5322356150696317,day
2026-09-28 10:41:04,豆粕,空,3381,3399.214285714286,3353.6785714285716,182,-1.0971011759547955,day
2026-09-28 10:46:10,螺纹,空,3092,3102.6428571428573,3076.035714285714,106,-0.5322356150696317,day
2026-09-28 11:21:12,豆粕,空,3383,3400.8571428571427,3356.214285714286,179,-0.9944292896283624,day
2026-09-28 13:31:14,豆粕,空,3376,3394.214285714286,3348.6785714285716,182,-1.1339913198146734,day
2026-09-28 13:36:04,豆粕,空,3372,3390.6428571428573,3344.035714285714,186,-1.1674618727828567,day
2026-09-28 13:41:05,豆粕,空,3371,3389.6428571428573,3343.035714285714,186,-1.1641634068831297,day
2026-09-28 21:41:04,淀粉,多,2434,2424.1428571428573,2448.785714285714,99,0.42259506302122496,night
2026-09-29 09:41:06,淀粉,多,2437,2426.785714285714,2452.3214285714284,102,0.5534371419248507,day
2026-09-29 10:36:03,螺纹,空,3107,3118,3090.5,110,-0.08961883981049579,day
2026-09-29 10:41:04,螺纹,空,3099,3110.714285714286,3081.4285714285716,117,-0.21596784022330784,day
2026-09-29 10:41:04,热卷,空,3271,3281.5714285714284,3255.1428571428573,106,-0.21596784022330784,day
2026-09-29 10:46:04,螺纹,空,3102,3113.714285714286,3084.4285714285716,117,-0.07348980755243484,day
2026-09-29 10:46:04,热卷,空,3272,3282.5714285714284,3256.1428571428573,106,-0.07348980755243484,day
